text,source_party,label,source,reliability,bias
"Court records show that Lyle and Linda Cocking, who own the playhouse property, filed a commercial eviction action against the Connards in March 2022.",Lean Left,0,san-diego-union-tribune,45.68,-1.76
"Even after being confined to western reservations, many tribes had maintained their traditional governance structures and tried to preserve their cultural and religious practices, including communal ownership of property.",Left,0,alternet,32.71,-14.76
Shrinking utility profit margins and transferring social costs to general government could actually work to lower California’s crazy electric rates.,Lean Right,1,boston-herald,36.31,9.68
Nicole Flattery Author of the short story collection Show Them a Good Time (Bloomsbury) and the novel Nothing Special (Bloomsbury) Emma Cline’s The Guest (Chatto & Windus) is a panic-inducing beach read that could be directed by the Safdie brothers.,Lean Left,0,the-guardian,40.67,-7.97
"Many are dressed casually and move in a lackadaisical fashion, much like tourists.",Right,0,american-greatness,18.93,22.45
We know President X could not be criminally prosecuted while in office.,Right,0,townhall,24.95,19.79
"Wasabi maker Kinjirushi Co. funded the study, although the researchers said the company had no role in the study itself.",Right,0,newsmax,28.9,13.54
Lankford noted that Homeland Security Secretary Alejandro Mayorkas has even called for reforms to the asylum system.,Right,0,infowars,15.78,23.58
"America will also only support pauses, as will the G7 group of rich countries.",Lean Left,0,the-economist,42.4,-1.43
"What you just don't see in U.S. sex trafficking cases is people being kidnapped in mall parking lots after being distracted by candy bar wrappers (as one weirdly prevalent social media myth goes) or being smuggled en masses across the southern border, a la the paranoid rantings of Ron DeSantis.",Lean Right,1,reason,36.26,4.84
Advertisement How programs will value coaches monetarily will be affected by the actual size of their player payroll.,Lean Left,0,washington-post,38.8,-6.85
Communities of color would also be disproportionately impacted by the new reporting requirement.,Lean Right,1,fox-business,38.81,9.11
"In 2017, he was sentenced in absentia to 30 years in jail in Iran.",Lean Left,0,global-news,44.54,-4.26
"The unchurched will recognize many Christmas songs, so they are more likely to sing with the congregation.",Lean Right,0,the-christian-post,36.41,10.31
But how voluntary is accepting an undesirable job when the alternative is eviction or food insecurity?,Left,0,vox,39.59,-10.05
"But their strategy has not worked, and continued confrontation will only make things worse for Venezuelans.",Center,0,foreign-affairs,44.56,-6.55
"Once Beyoncé’s Jew-hating fans caught word of this, they started slamming the singer on social media, Newsweek reported.",Right,1,newsbusters,19.99,20.48
Ken Tran: So House Republicans have been investigating since September in an impeachment inquiry into allegations that President Joe Biden financially and personally benefited from his family's foreign business dealings.,Lean Left,1,usa-today,40.78,-4.12
"We've waved to people on the curb, sadly, as they cashed out on their homes and moved to the Midwest.",Lean Right,1,christianity-today,41.75,5.39
"And the idea is you're poking a hole in your daily intake of calories, so you wind up eating fewer calories, and that tends to help people with weight loss and weight control.",Center,0,wired,36.77,-7.24
Neither Feldman nor his attorneys have responded to multiple requests for comment.,Lean Left,0,cbs-news,41.76,-2.84
Advertisement A spokesperson for Tallahassee Memorial did not address the allegations in their statement.,Center,0,quartz,43.87,-4.77
The U.S. can and should lead the charge on this here at home.,Lean Right,1,washington-examiner,34.07,11.3
Those charged include dozens of former and active duty military or members of the reserve.,Right,0,fox-news,35.44,11.06
Not even during the Great Depression of the 1930s did we see anything like this.,Right,1,wnd,13.06,21.0
Secretary Mayorkas continues to be laser-focused on the safety and security of our nation.,Lean Left,1,abc-news,45.25,-2.91
"She does have lots of things to say about what Israel can’t do once they stop fighting, and that a terrorist group with a long history of being so is to take over in order to uphold the aspirations of Palestinians.",Lean Right,1,hotair,24.77,12.78
They first discuss the TV show Sister Wives and how it has single-handedly cured America of its fascination with polygamy.,Right,1,the-american-spectator,17.46,22.97
"A group text can be a refuge, and a reminder that you’re part of something.",Left,0,the-atlantic,37.96,-9.01
Joe Biden on Wednesday delivered remarks at the White House Tribal Nations Summit at the Department of Interior.,Right,0,the-gateway-pundit,14.91,23.64
She is on the Saratoga County School Board and served as its chair until her term expired last week.,Left,0,daily-beast,33.54,-10.51
Marvel is talking about bringing back a near-60-year-old Robert Downey Jr to revive a character they killed in a movie that was literally called Endgame.,Lean Left,1,the-independent,38.37,-6.99
"Furthering negative views of immigration are the beliefs that immigrants commit more crimes than native-born residents and take jobs from them, experts say.",Center,1,christian-science-monitor,44.22,-2.47
"My administration remains committed to a data-driven plan to improve the asylum seeker response, and we will continue to coordinate with the City of Chicago as we work to expand available shelter through winter.""",Lean Right,0,just-the-news,33.31,10.7
Then came 2023 and another 180-degree turn in favor of the heavyweight index names.,Center,1,cnbc,43.82,-1.81
"Ellis won eight conference regular season titles, two conference tournament titles, six conference Coach of the Year honors and an AP National Coach of the Year award in 1999 when he led Auburn to a 29-4 record and the Sweet 16 of the NCAA Tournament.",Lean Right,0,washington-times,34.92,11.31
"Alongside his art he progressively developed his writing skills in the 1970s, becoming fully immersed in the world of theatre.",Lean Left,0,the-conversation,40.75,-4.86
"This sets up a greater problem, one that never really gets resolved in the book.",Left,0,new-york-magazine,39.84,-9.95
It’s the kind of thing that keeps you up at night.,Left,1,the-new-yorker,40.91,-12.25
"The Bulldogs have beaten just two teams in the Anderson & Hester top 25, neither of them on the road, and haven’t beaten any of the top eight teams (after which there is a big gap in the rankings).",Right,0,the-american-conservative,31.63,14.44
"Brands’s historical narrative stays firmly in the late 18th and early 19th centuries, not venturing to address present-day ramifications of the Connecticut Compromise or other events he writes about.",Lean Left,1,washington-monthly,35.78,-12.08
"Instead of answering questions about specific products, you get to use websites and apps and provide your feedback.",Lean Left,0,time-magazine,41.12,-7.42
"At least, that’s according to the executives that Fortune spoke to.",Center,1,fortune,36.93,-2.44
"Most headgear seen on TikTok, however, resembles the type that was popular in Russia in the ‘90s and early ‘00s.",Lean Right,0,rt,28.66,11.46
"Tuberville may have partially released his hold on mass confirmations of three-star officers and below, but the abortion travel issue remains unresolved.",Right,1,the-federalist,21.77,18.67
And Dune is of course famous also because many people tried to do a movie.,Left,0,vogue,39.13,-10.91
Perhaps bearing moral witness to theological truths might also be effective in the challenge of violent jihadism.,Right,0,national-catholic-register,22.39,11.81
"Leaked documents showed that Emirati officials planned to use COP28-related meetings to discuss potential business dealings related to the two firms with foreign officials, and separate documents revealed how the companies viewed Special Presidential Envoy for Climate John Kerry as a key player in efforts to secure their future financial success.",Right,0,independent-journal-review,25.81,12.82
"The Mussons, like many American families, are paying attention to prices and inflation.",Center,0,deseret-news,42.29,2.55
Spotify is effectively getting a 15 percentage point discount to use its own billing system (paying Google nothing for any customer that picks Spotify payments).,Lean Left,0,the-verge,39.43,-4.75
"Red Bull might give you wings, but for some that comes with unwanted side effects.",Lean Right,0,new-york-post,31.92,9.28
Molina would go on to tap several former police colleagues for key roles in the DOC.,Left,0,new-york-daily-news,40.47,-8.12
Key findings include the following: Sixty-three percent of the public now say the crime problem in the nation is extremely or very serious.,Right,0,american-thinker,13.67,24.85
"Nickname: AOC Occupation: Celebrity, social media influencer, member of congress representing New York’s 14th district Gang affiliations: The Squad, Democratic Socialists of America Background: A former bartender and activist, Ocasio-Cortez was elected to Congress in 2018 at the age of 29 after defeating 10-term incumbent Rep. Joe Crowley (D., N.Y.) in the Democratic primary.",Right,1,washington-free-beacon,23.47,14.45
"For One Brief Moment, Reality TV Made Me Believe In Humanity. Then You-Know-What Happened.",Left,1,esquire,27.41,-18.14
"After a few bursts, flames pour from the 16-foot drone, quickly consuming it as leaking fuel burns on top of the water.",Lean Left,0,cnn,42.06,-6.28
"And with politicians entering an election year when many will promise the moon, the fiscal backdrop could get worse before it gets better.",Center,1,az-central,42.22,-7.0
This isn't the first time that words originating with Black people or culture intersecting with Black queer communities have been co-opted and popularized by white people or just the mainstream.,Left,1,salon,32.38,-13.86
"With the moderate Powell’s retirement two years ago, and his replacement by the staunchly conservative Anthony M. Kennedy, O’Connor became the pivotal vote on abortion and several other emotionally volatile issues on which the rest of the court is divided 4-4.",Left,1,daily-kos,28.4,-17.51
As her thirst increases-and her advisers whisper in her ear that she’s the one-it’s no surprise to see her pandering to the worst impulses of the Trump mob.,Left,1,mother-jones,37.08,-15.12
"After all, nearly every Israeli leader changed their surname as part of the project.",Left,1,current-affairs,34.3,-18.14
"We should tread carefully and avoid, at all costs, pointless provocations.",Left,1,the-intercept,37.46,-14.1
"It is difficult to remember, or even conceive of, the last time a cultural figure felt as inescapable or as invincible as Swift has in the past year, breaking record after record-many of them previously set by her-on her way to becoming a Forbes-certified billionaire.",Left,1,slate,35.17,-12.93
"Convinced that her doctor had sexually violated her during her last visit, she believed she had to do something to expose him.",Lean Left,0,atlanta-journal-constitution,44.83,-3.84
"That’s partly because most of the cost of a wind or solar farm is in the upfront investment, whereas a large portion of the spending in a coal- or gas-fired power plant is in fuel costs, which are spread over time.",Lean Right,0,fiscal-times,43.33,-4.18
"21 prospect in Michigan in his class, according to 247Sports’ composite rankings.",Lean Left,0,detroit-free-press,43.46,-5.43
The suit also reveals how Combs allegedly blew up Kid Cudi’s car once he discovered that Cudi briefly dated Cassie in 2012.,Lean Left,1,the-root,26.43,-18.51
"With a looming showdown over the debt ceiling, the paper owned by one of the world’s richest men saw an opportunity.",Lean Left,1,fair,32.6,-19.36
"One possible recruit, Harmony Cook, says her friends are worried about it when she talks about joining the military.",Lean Left,0,npr,42.99,-4.27
"The house’s staff are, of course, all in thrall to Mrs. Danvers.",Lean Left,1,variety,41.29,-3.85
Such behavior and comments like this are intolerable regardless of the situation or topic of conversation.,Left,1,occupy-democrats,25.3,-21.06
Adult-use activists and registered medical patients were stunned to hear opposing testimony from Delaware’s medical marijuana operators.,Lean Left,0,washington-blade,42.71,-7.49
"In Louisiana, where the oil and gas industry has been around for a century, more than 4,600 wells abandoned years ago have become the cash-strapped state’s responsibility and are known to pose a danger to children and the public while leaking pollution into sensitive ecosystems.",Lean Left,1,truthout,34.51,-16.87
There’s no good answer for it to give unless it is honest about what it is really up to.,Lean Left,1,nbc-news,43.21,-5.79
The indy online news service Planet Detroit thought its readers should know that their region is ill-prepared for the inundations to come.,Center,0,poynter,41.75,-7.32
"Since the arrival of the first trailer, critics have cataloged Napoleon’s litany of errors, misrepresentations, and outright fabrications.",Left,1,the-nation,31.32,-19.23
Russell’s lived experience as a Black woman is not the focal point of her videos; she aims to focus mostly on the subjects and sources involved.,Left,0,huffpost,37.82,-10.75
People seeking public aid have historically encountered long call-center wait times and limited options for in-person help.,Lean Left,0,montana-free-press,46.33,-3.8
"Temperatures are dropping, but don't reach for your heated blanket without a quick check.",Center,0,cnet,40.02,-1.39
"On r/HairTransplants, there’s a good deal of anxiety about being perceived as odd, conceited, or otherwise unattractive because of your hair transplant.",Left,1,vice,38.96,-9.39
"He played a strong right field with the Red Sox in 2023, flashing elite arm strength.",Lean Left,0,nj.com,43.92,-2.88
"Specifically in Ezekiel 37 and 38, the Bible speaks of the regathering of Israel, and then it speaks of a large force from her north attacking her.",Right,0,cbn,34.17,15.24
"The trial court was asked to decide whether the e-mail, sent during work hours on a company laptop, was protected by the attorney-client privilege.",Lean Right,0,zerohedge,20.78,16.08
"It was a blunt take from Brady, especially since some felt he may have benefited from protection at times during his illustrious career.",Center,1,heavy,43.64,-2.71
"When prosecutors put up good-faith legal cases against Donald Trump and the ex-president still vilifies the judiciary, members of his Republican Party and his own lawyers should be rising to object.",Center,1,baltimore-sun,44.41,-4.13
Our expert reporters are bringing their stellar journalism to another hub of European politics.,Lean Left,0,politico,42.32,-5.58
"At that point, we just secured the scene and just kept him contained into what we thought at that point was that one classroom.",Lean Left,0,pbs-newshour,43.07,-9.07
"It’s hard not to wonder whether President Joe Biden is a little jealous: He was vice president for eight years, and in that time, he didn’t break any ties at all.",Left,1,msnbc,34.51,-14.03
"The House Republicans did not, however, oust Rep. Gloria Johnson (D), who is White, although she joined Jones and Pearson in protest.",Left,0,the-young-turks,25.16,-24.96
"GameStop shares, which have enjoyed a recent meme-like rally, are down 19.6% in 2023, compared with the S&P 500 index’s SPX gain of 18.5%.",Center,0,marketwatch,40.93,-3.88
"And then halfway through the day, we brought in Emma who plays Enid.",Lean Left,0,vanity-fair,33.19,-13.87
"Chase's peach cobbler is a straightforward, no-frills recipe that 100% delivers.",Lean Left,1,business-insider,40.58,-4.19
"For anyone who is interested in applying for the scheme, but is unsure if they are eligible or their circumstances make it challenging to access, please contact brc .nhs.uk to discuss.",Center,0,nature,46.33,-1.48
"Christie used his time to slam Trump over his numerous federal indictments, and he blasted his rival candidates for refusing to join him in his strident criticism of the former president.",Lean Left,1,mediaite,37.25,-8.64
"Having established tight control over Russia’s political system, Putin’s victory is all but assured.",Left,1,the-rachel-maddow-show,36.71,-17.67
He sustained the first work-related injuries in 2014 after grueling ten-hour shifts on the trim line installing brackets on vehicles.,Left,0,jacobin,31.69,-21.47
"Maman’s Nutty Chocolatey Chip cookies, packaged by the dozen, are a great pick-me-up for your bestie.",Left,0,teen-vogue,37.79,-15.5
"If you would like to put an end to what he has been doing, make HIM responsible for buying his friends’ tickets and missing the start of the game if they are late.",Center,1,detroit-news,45.92,-2.2
"Nevertheless, the vaccine has been shoved down the throats of unsuspecting victims by government at every level.",Lean Right,1,judicial-watch,23.64,23.27
"The Commission on Presidential Debates, the bipartisan governing body that has hosted general election debates since 1988, announced its regular slate of events for next year, but there’s little reason to think those will actually happen.",Lean Right,1,the-dispatch,41.19,5.33
"Facing Political Threats, Lawmakers Cave By the time the 2023 legislative sessions began, the consequences of total abortion bans written years earlier by legal strategists with no medical expertise had become clear.",Lean Left,1,propublica,47.17,-6.77
"Folks online who’ve seen the musical have noted that the songbook is decidedly, not fetch.",Left,1,jezebel,29.2,-18.18
"Earlier, the White House seemed to fear that dispatching combat aircraft to Ukraine might cross a Russian red line, perhaps even prompting threats of a nuclear response.",Center,0,military-times,46.49,-0.19
"President Hassan Sheikh Mohamud said last week that Somalia has one year to expel al-Shabab, with the deadline for remaining African Union peacekeepers to leave looming next December.",Lean Left,0,al-jazeera,41.34,-7.05
"For much the same reason, Congress in 1962 slapped a tax on unrealized shareholder income in foreign subsidiaries of U.S.-based corporations.",Left,0,new-republic,29.53,-17.18
Not that Garner is saying that in so many words - she hasn't spoken to the rag at all.,Left,0,boing-boing,19.23,-14.43
"Ahead of a day-long event for investors, the Chicago burger giant said Wednesday that it aims to have 50,000 restaurants in operation worldwide by the end of 2027.",Lean Left,0,nowthis-news,41.47,-7.95
"With the urgency so crystal clear, there’s no way that the industry driving the climate crisis should be empowered to the degree it is to protect its own profits at the expense of our planet.",Lean Left,1,chicago-sun-times,45.44,-4.35
"On Tuesday, we reported that sunken Trump-humper Trevian Kutti-who is accused in Trump’s RICO indictment of harassing Freeman and Moss-appeared to be making veiled threats directed at the former election workers as well.",Left,1,newsone,35.06,-17.17
"Standing at the vanguard in the fight against the pernicious effects of unchecked social media engagement, Frantz Law Group is representing more than 800 school districts nationwide in their lawsuits against social media companies like Meta (Facebook’s parent company), TikTok, and YouTube.",Lean Left,1,sfgate,43.52,-1.26
"It’s understandable, then, that it’s even more heartbreaking than usual to be laid off in December.",Center,1,techcrunch,45.28,-0.4
The Southern Poverty Law Center that Moms for Liberty is an anti-government hate group that promotes hateful imagery and rhetoric against the LGBTQ+ community.,Lean Left,1,the-advocate-–-baton-rouge,45.85,-4.0
"Had America’s Founding Fathers watched last night’s debate, they would be high-fiving each other no matter if their respective jerseys were red or blue.",Center,1,smerconish,35.9,1.61
All five schools in Mineola have been recognized as Apple distinguished schools.,Center,0,education-week,43.11,-3.02
"The required minimum monthly payments may or may not pay off the promo balance before the end of the promo period, depending on purchase amount, promo length and payment allocation.",Center,0,chicago-tribune,44.67,-4.24
Our alums are scattered across every major media organization in the world.,Left,0,buzzfeed-news,39.98,-5.98
"Henderson had been in the news all week for his taunts of Bradshaw, including the infamous quote that Bradshaw was so dumb he could not have spelled cat if he was spotted the c and the a.",Center,1,pittsburgh-post-gazette,47.59,-0.45
"With the hold, we have already shaken their faith in us.",Center,1,voice-of-america,46.29,-3.24
